yr_team,offense,defense,specialty,dead_cap,injured,w
2019_san-francisco-49ers,0.3296960404167724,0.3479679539268508,0.025313567839385508,0.1168648757602411,0.18015756205675024,13
2019_kansas-city-chiefs,0.4865406866481649,0.29650759889750183,0.03246126324157756,0.12051175465723388,0.0639786965555219,12
2019_washington-redskins,0.2051950575363881,0.21528995416840815,0.036481594757006366,0.07684259884671593,0.4661907946914815,3
2019_cincinnati-bengals,0.4273420475538421,0.2695183478944363,0.031134434121692436,0.07662144258215864,0.19538372784787067,2
